{
    "LogisticRegressionModel": {
        "simple_split": {
            "bce_loss": 0.6481990397280395,
            "accuracy": 0.8666666666666667,
            "roc_auc": 0.8622685185185186,
            "confusion_matrix": {
                "tn": 31,
                "fp": 5,
                "fn": 3,
                "tp": 21
            }
        }
    }
}